cad_name,palette_file,source,status,evidence
1up,st1_1.pal,stage table,present in Samples/PalFiles,Recovered from the stage subtable palette field at +0x2b.
1up,st1_2.pal,stage table,present in Samples/PalFiles,Recovered from the stage subtable palette field at +0x2b.
1up,st1_h.pal,stage table,present in Samples/PalFiles,Recovered from the stage subtable palette field at +0x2b.
1up,st2_lb.pal,stage table,present in Samples/PalFiles,Recovered from the stage subtable palette field at +0x2b.
1up,st2_ldfr.pal,stage table,present in Samples/PalFiles,Recovered from the stage subtable palette field at +0x2b.
1up,st2_rdff.pal,stage table,present in Samples/PalFiles,Recovered from the stage subtable palette field at +0x2b.
1up,st2_rfff.pal,stage table,present in Samples/PalFiles,Recovered from the stage subtable palette field at +0x2b.
1up,st2_s.pal,stage table,present in Samples/PalFiles,Recovered from the stage subtable palette field at +0x2b.
1up,st3_bb.pal,stage table,present in Samples/PalFiles,Recovered from the stage subtable palette field at +0x2b.
1up,st3_boss.pal,stage table,present in Samples/PalFiles,Recovered from the stage subtable palette field at +0x2b.
1up,st3_f.pal,stage table,present in Samples/PalFiles,Recovered from the stage subtable palette field at +0x2b.
1up,st3_gd.pal,stage table,present in Samples/PalFiles,Recovered from the stage subtable palette field at +0x2b.
1up,st3_k.pal,stage table,present in Samples/PalFiles,Recovered from the stage subtable palette field at +0x2b.
1up,st3_s.pal,stage table,present in Samples/PalFiles,Recovered from the stage subtable palette field at +0x2b.
1up,st3_vdb.pal,stage table,present in Samples/PalFiles,Recovered from the stage subtable palette field at +0x2b.
1up,st3_z.pal,stage table,present in Samples/PalFiles,Recovered from the stage subtable palette field at +0x2b.
1up,st4_1.pal,stage table,present in Samples/PalFiles,Recovered from the stage subtable palette field at +0x2b.
1up,st4_2.pal,stage table,present in Samples/PalFiles,Recovered from the stage subtable palette field at +0x2b.
1up,st4_s.pal,stage table,present in Samples/PalFiles,Recovered from the stage subtable palette field at +0x2b.
1up,st5_1.pal,stage table,present in Samples/PalFiles,Recovered from the stage subtable palette field at +0x2b.
1up,st5_b.pal,stage table,present in Samples/PalFiles,Recovered from the stage subtable palette field at +0x2b.
1up,st5_bs.pal,stage table,present in Samples/PalFiles,Recovered from the stage subtable palette field at +0x2b.
1up,st5_f.pal,stage table,present in Samples/PalFiles,Recovered from the stage subtable palette field at +0x2b.
1up,st5_s.pal,stage table,present in Samples/PalFiles,Recovered from the stage subtable palette field at +0x2b.
1up,st6_b1.pal,stage table,present in Samples/PalFiles,Recovered from the stage subtable palette field at +0x2b.
1up,st6_b4.pal,stage table,present in Samples/PalFiles,Recovered from the stage subtable palette field at +0x2b.
1up,st6_bf.pal,stage table,present in Samples/PalFiles,Recovered from the stage subtable palette field at +0x2b.
1up,st6_bk.pal,stage table,present in Samples/PalFiles,Recovered from the stage subtable palette field at +0x2b.
1up,st6_jck.pal,stage table,present in Samples/PalFiles,Recovered from the stage subtable palette field at +0x2b.
1up,st6_l.pal,stage table,present in Samples/PalFiles,Recovered from the stage subtable palette field at +0x2b.
1up,st6_m.pal,stage table,present in Samples/PalFiles,Recovered from the stage subtable palette field at +0x2b.
1up,st6_p.pal,stage table,present in Samples/PalFiles,Recovered from the stage subtable palette field at +0x2b.
1up,st6_s.pal,stage table,present in Samples/PalFiles,Recovered from the stage subtable palette field at +0x2b.
acsr,,unknown,unresolved,
ameba,st6_bf.pal,stage table,present in Samples/PalFiles,Recovered from the stage subtable palette field at +0x2b.
aracer,st4_1.pal,stage table,present in Samples/PalFiles,Recovered from the stage subtable palette field at +0x2b.
aracer,st4_2.pal,stage table,present in Samples/PalFiles,Recovered from the stage subtable palette field at +0x2b.
aracer,st4_s.pal,stage table,present in Samples/PalFiles,Recovered from the stage subtable palette field at +0x2b.
aracer',st6_b4.pal,stage table,present in Samples/PalFiles,Recovered from the stage subtable palette field at +0x2b.
aracer',st6_bk.pal,stage table,present in Samples/PalFiles,Recovered from the stage subtable palette field at +0x2b.
b1,st1_1.pal,stage table,present in Samples/PalFiles,Recovered from the stage subtable palette field at +0x2b.
b1,st1_2.pal,stage table,present in Samples/PalFiles,Recovered from the stage subtable palette field at +0x2b.
b1,st1_h.pal,stage table,present in Samples/PalFiles,Recovered from the stage subtable palette field at +0x2b.
b1,st4_1.pal,stage table,present in Samples/PalFiles,Recovered from the stage subtable palette field at +0x2b.
b1,st4_2.pal,stage table,present in Samples/PalFiles,Recovered from the stage subtable palette field at +0x2b.
b1,st4_s.pal,stage table,present in Samples/PalFiles,Recovered from the stage subtable palette field at +0x2b.
b2att,st2_lb.pal,stage table,present in Samples/PalFiles,Recovered from the stage subtable palette field at +0x2b.
b2att,st2_ldfr.pal,stage table,present in Samples/PalFiles,Recovered from the stage subtable palette field at +0x2b.
b2bio,st2_lb.pal,stage table,present in Samples/PalFiles,Recovered from the stage subtable palette field at +0x2b.
b2bio,st2_ldfr.pal,stage table,present in Samples/PalFiles,Recovered from the stage subtable palette field at +0x2b.
b4sht,st4_1.pal,stage table,present in Samples/PalFiles,Recovered from the stage subtable palette field at +0x2b.
b4sht,st4_2.pal,stage table,present in Samples/PalFiles,Recovered from the stage subtable palette field at +0x2b.
b4sht,st4_s.pal,stage table,present in Samples/PalFiles,Recovered from the stage subtable palette field at +0x2b.
b4sht',st6_b4.pal,stage table,present in Samples/PalFiles,Recovered from the stage subtable palette field at +0x2b.
b4sht',st6_bk.pal,stage table,present in Samples/PalFiles,Recovered from the stage subtable palette field at +0x2b.
baby,st6_bf.pal,stage table,present in Samples/PalFiles,Recovered from the stage subtable palette field at +0x2b.
bart,st3_bb.pal,stage table,present in Samples/PalFiles,Recovered from the stage subtable palette field at +0x2b.
bart,st3_f.pal,stage table,present in Samples/PalFiles,Recovered from the stage subtable palette field at +0x2b.
bart,st3_gd.pal,stage table,present in Samples/PalFiles,Recovered from the stage subtable palette field at +0x2b.
bart,st3_s.pal,stage table,present in Samples/PalFiles,Recovered from the stage subtable palette field at +0x2b.
bart,st3_vdb.pal,stage table,present in Samples/PalFiles,Recovered from the stage subtable palette field at +0x2b.
bf_flask,st6_bf.pal,stage table,present in Samples/PalFiles,Recovered from the stage subtable palette field at +0x2b.
bg_bomb,st1_1.pal,stage table,present in Samples/PalFiles,Recovered from the stage subtable palette field at +0x2b.
bg_bomb,st1_2.pal,stage table,present in Samples/PalFiles,Recovered from the stage subtable palette field at +0x2b.
bg_bomb,st1_h.pal,stage table,present in Samples/PalFiles,Recovered from the stage subtable palette field at +0x2b.
bg_bomb,st2_lb.pal,stage table,present in Samples/PalFiles,Recovered from the stage subtable palette field at +0x2b.
bg_bomb,st2_ldfr.pal,stage table,present in Samples/PalFiles,Recovered from the stage subtable palette field at +0x2b.
bg_bomb,st2_rdff.pal,stage table,present in Samples/PalFiles,Recovered from the stage subtable palette field at +0x2b.
bg_bomb,st2_rfff.pal,stage table,present in Samples/PalFiles,Recovered from the stage subtable palette field at +0x2b.
bg_bomb,st2_s.pal,stage table,present in Samples/PalFiles,Recovered from the stage subtable palette field at +0x2b.
bg_bomb,st3_bb.pal,stage table,present in Samples/PalFiles,Recovered from the stage subtable palette field at +0x2b.
bg_bomb,st3_boss.pal,stage table,present in Samples/PalFiles,Recovered from the stage subtable palette field at +0x2b.
bg_bomb,st3_f.pal,stage table,present in Samples/PalFiles,Recovered from the stage subtable palette field at +0x2b.
bg_bomb,st3_gd.pal,stage table,present in Samples/PalFiles,Recovered from the stage subtable palette field at +0x2b.
bg_bomb,st3_k.pal,stage table,present in Samples/PalFiles,Recovered from the stage subtable palette field at +0x2b.
bg_bomb,st3_s.pal,stage table,present in Samples/PalFiles,Recovered from the stage subtable palette field at +0x2b.
bg_bomb,st3_vdb.pal,stage table,present in Samples/PalFiles,Recovered from the stage subtable palette field at +0x2b.
bg_bomb,st3_z.pal,stage table,present in Samples/PalFiles,Recovered from the stage subtable palette field at +0x2b.
bg_bomb,st4_1.pal,stage table,present in Samples/PalFiles,Recovered from the stage subtable palette field at +0x2b.
bg_bomb,st4_2.pal,stage table,present in Samples/PalFiles,Recovered from the stage subtable palette field at +0x2b.
bg_bomb,st4_s.pal,stage table,present in Samples/PalFiles,Recovered from the stage subtable palette field at +0x2b.
bg_bomb,st5_1.pal,stage table,present in Samples/PalFiles,Recovered from the stage subtable palette field at +0x2b.
bg_bomb,st5_b.pal,stage table,present in Samples/PalFiles,Recovered from the stage subtable palette field at +0x2b.
bg_bomb,st5_bs.pal,stage table,present in Samples/PalFiles,Recovered from the stage subtable palette field at +0x2b.
bg_bomb,st5_f.pal,stage table,present in Samples/PalFiles,Recovered from the stage subtable palette field at +0x2b.
bg_bomb,st5_s.pal,stage table,present in Samples/PalFiles,Recovered from the stage subtable palette field at +0x2b.
bg_bomb,st6_b1.pal,stage table,present in Samples/PalFiles,Recovered from the stage subtable palette field at +0x2b.
bg_bomb,st6_b4.pal,stage table,present in Samples/PalFiles,Recovered from the stage subtable palette field at +0x2b.
bg_bomb,st6_bf.pal,stage table,present in Samples/PalFiles,Recovered from the stage subtable palette field at +0x2b.
bg_bomb,st6_bk.pal,stage table,present in Samples/PalFiles,Recovered from the stage subtable palette field at +0x2b.
bg_bomb,st6_jck.pal,stage table,present in Samples/PalFiles,Recovered from the stage subtable palette field at +0x2b.
bg_bomb,st6_l.pal,stage table,present in Samples/PalFiles,Recovered from the stage subtable palette field at +0x2b.
bg_bomb,st6_m.pal,stage table,present in Samples/PalFiles,Recovered from the stage subtable palette field at +0x2b.
bg_bomb,st6_p.pal,stage table,present in Samples/PalFiles,Recovered from the stage subtable palette field at +0x2b.
bg_bomb,st6_s.pal,stage table,present in Samples/PalFiles,Recovered from the stage subtable palette field at +0x2b.
boss1,st1_1.pal,stage table,present in Samples/PalFiles,Recovered from the stage subtable palette field at +0x2b.
boss1,st1_2.pal,stage table,present in Samples/PalFiles,Recovered from the stage subtable palette field at +0x2b.
boss1,st1_h.pal,stage table,present in Samples/PalFiles,Recovered from the stage subtable palette field at +0x2b.
boss1,st6_b1.pal,stage table,present in Samples/PalFiles,Recovered from the stage subtable palette field at +0x2b.
boss1,st6_l.pal,stage table,present in Samples/PalFiles,Recovered from the stage subtable palette field at +0x2b.
boss1,st6_s.pal,stage table,present in Samples/PalFiles,Recovered from the stage subtable palette field at +0x2b.
boss2,st2_lb.pal,stage table,present in Samples/PalFiles,Recovered from the stage subtable palette field at +0x2b.
boss2,st2_ldfr.pal,stage table,present in Samples/PalFiles,Recovered from the stage subtable palette field at +0x2b.
boss4,st4_1.pal,stage table,present in Samples/PalFiles,Recovered from the stage subtable palette field at +0x2b.
boss4,st4_2.pal,stage table,present in Samples/PalFiles,Recovered from the stage subtable palette field at +0x2b.
boss4,st4_s.pal,stage table,present in Samples/PalFiles,Recovered from the stage subtable palette field at +0x2b.
boss4',st6_b4.pal,stage table,present in Samples/PalFiles,Recovered from the stage subtable palette field at +0x2b.
boss4',st6_bk.pal,stage table,present in Samples/PalFiles,Recovered from the stage subtable palette field at +0x2b.
bossf,st6_bf.pal,stage table,present in Samples/PalFiles,Recovered from the stage subtable palette field at +0x2b.
broken,st5_1.pal,stage table,present in Samples/PalFiles,Recovered from the stage subtable palette field at +0x2b.
broken,st5_b.pal,stage table,present in Samples/PalFiles,Recovered from the stage subtable palette field at +0x2b.
broken,st5_f.pal,stage table,present in Samples/PalFiles,Recovered from the stage subtable palette field at +0x2b.
broken,st5_s.pal,stage table,present in Samples/PalFiles,Recovered from the stage subtable palette field at +0x2b.
broken,st6_b4.pal,stage table,present in Samples/PalFiles,Recovered from the stage subtable palette field at +0x2b.
broken,st6_bk.pal,stage table,present in Samples/PalFiles,Recovered from the stage subtable palette field at +0x2b.
build,st1_1.pal,stage table,present in Samples/PalFiles,Recovered from the stage subtable palette field at +0x2b.
build,st1_2.pal,stage table,present in Samples/PalFiles,Recovered from the stage subtable palette field at +0x2b.
build,st1_h.pal,stage table,present in Samples/PalFiles,Recovered from the stage subtable palette field at +0x2b.
bvox,st3_bb.pal,stage table,present in Samples/PalFiles,Recovered from the stage subtable palette field at +0x2b.
bvox,st3_f.pal,stage table,present in Samples/PalFiles,Recovered from the stage subtable palette field at +0x2b.
bvox,st3_gd.pal,stage table,present in Samples/PalFiles,Recovered from the stage subtable palette field at +0x2b.
bvox,st3_s.pal,stage table,present in Samples/PalFiles,Recovered from the stage subtable palette field at +0x2b.
bvox,st3_vdb.pal,stage table,present in Samples/PalFiles,Recovered from the stage subtable palette field at +0x2b.
b_gear,st1_1.pal,stage table,present in Samples/PalFiles,Recovered from the stage subtable palette field at +0x2b.
b_gear,st1_2.pal,stage table,present in Samples/PalFiles,Recovered from the stage subtable palette field at +0x2b.
b_gear,st1_h.pal,stage table,present in Samples/PalFiles,Recovered from the stage subtable palette field at +0x2b.
b_gear,st2_lb.pal,stage table,present in Samples/PalFiles,Recovered from the stage subtable palette field at +0x2b.
b_gear,st2_ldfr.pal,stage table,present in Samples/PalFiles,Recovered from the stage subtable palette field at +0x2b.
b_gear,st2_rdff.pal,stage table,present in Samples/PalFiles,Recovered from the stage subtable palette field at +0x2b.
b_gear,st2_rfff.pal,stage table,present in Samples/PalFiles,Recovered from the stage subtable palette field at +0x2b.
b_gear,st2_s.pal,stage table,present in Samples/PalFiles,Recovered from the stage subtable palette field at +0x2b.
b_gear,st3_bb.pal,stage table,present in Samples/PalFiles,Recovered from the stage subtable palette field at +0x2b.
b_gear,st3_boss.pal,stage table,present in Samples/PalFiles,Recovered from the stage subtable palette field at +0x2b.
b_gear,st3_f.pal,stage table,present in Samples/PalFiles,Recovered from the stage subtable palette field at +0x2b.
b_gear,st3_gd.pal,stage table,present in Samples/PalFiles,Recovered from the stage subtable palette field at +0x2b.
b_gear,st3_k.pal,stage table,present in Samples/PalFiles,Recovered from the stage subtable palette field at +0x2b.
b_gear,st3_s.pal,stage table,present in Samples/PalFiles,Recovered from the stage subtable palette field at +0x2b.
b_gear,st3_vdb.pal,stage table,present in Samples/PalFiles,Recovered from the stage subtable palette field at +0x2b.
b_gear,st3_z.pal,stage table,present in Samples/PalFiles,Recovered from the stage subtable palette field at +0x2b.
b_gear,st4_1.pal,stage table,present in Samples/PalFiles,Recovered from the stage subtable palette field at +0x2b.
b_gear,st4_2.pal,stage table,present in Samples/PalFiles,Recovered from the stage subtable palette field at +0x2b.
b_gear,st4_s.pal,stage table,present in Samples/PalFiles,Recovered from the stage subtable palette field at +0x2b.
b_gear,st5_1.pal,stage table,present in Samples/PalFiles,Recovered from the stage subtable palette field at +0x2b.
b_gear,st5_b.pal,stage table,present in Samples/PalFiles,Recovered from the stage subtable palette field at +0x2b.
b_gear,st5_bs.pal,stage table,present in Samples/PalFiles,Recovered from the stage subtable palette field at +0x2b.
b_gear,st5_f.pal,stage table,present in Samples/PalFiles,Recovered from the stage subtable palette field at +0x2b.
b_gear,st5_s.pal,stage table,present in Samples/PalFiles,Recovered from the stage subtable palette field at +0x2b.
b_gear,st6_b1.pal,stage table,present in Samples/PalFiles,Recovered from the stage subtable palette field at +0x2b.
b_gear,st6_b4.pal,stage table,present in Samples/PalFiles,Recovered from the stage subtable palette field at +0x2b.
b_gear,st6_bf.pal,stage table,present in Samples/PalFiles,Recovered from the stage subtable palette field at +0x2b.
b_gear,st6_bk.pal,stage table,present in Samples/PalFiles,Recovered from the stage subtable palette field at +0x2b.
b_gear,st6_jck.pal,stage table,present in Samples/PalFiles,Recovered from the stage subtable palette field at +0x2b.
b_gear,st6_l.pal,stage table,present in Samples/PalFiles,Recovered from the stage subtable palette field at +0x2b.
b_gear,st6_m.pal,stage table,present in Samples/PalFiles,Recovered from the stage subtable palette field at +0x2b.
b_gear,st6_p.pal,stage table,present in Samples/PalFiles,Recovered from the stage subtable palette field at +0x2b.
b_gear,st6_s.pal,stage table,present in Samples/PalFiles,Recovered from the stage subtable palette field at +0x2b.
b_smoke,st2_ldfr.pal,stage table,present in Samples/PalFiles,Recovered from the stage subtable palette field at +0x2b.
b_smoke,st2_rdff.pal,stage table,present in Samples/PalFiles,Recovered from the stage subtable palette field at +0x2b.
b_smoke,st2_rfff.pal,stage table,present in Samples/PalFiles,Recovered from the stage subtable palette field at +0x2b.
b_smoke,st2_s.pal,stage table,present in Samples/PalFiles,Recovered from the stage subtable palette field at +0x2b.
b_smoke,st5_1.pal,stage table,present in Samples/PalFiles,Recovered from the stage subtable palette field at +0x2b.
b_smoke,st5_b.pal,stage table,present in Samples/PalFiles,Recovered from the stage subtable palette field at +0x2b.
b_smoke,st5_f.pal,stage table,present in Samples/PalFiles,Recovered from the stage subtable palette field at +0x2b.
b_smoke,st5_s.pal,stage table,present in Samples/PalFiles,Recovered from the stage subtable palette field at +0x2b.
b_smoke,st6_b4.pal,stage table,present in Samples/PalFiles,Recovered from the stage subtable palette field at +0x2b.
b_smoke,st6_bk.pal,stage table,present in Samples/PalFiles,Recovered from the stage subtable palette field at +0x2b.
b_smoke,st6_jck.pal,stage table,present in Samples/PalFiles,Recovered from the stage subtable palette field at +0x2b.
b_smoke,st6_p.pal,stage table,present in Samples/PalFiles,Recovered from the stage subtable palette field at +0x2b.
capsule,st4_1.pal,stage table,present in Samples/PalFiles,Recovered from the stage subtable palette field at +0x2b.
capsule,st4_2.pal,stage table,present in Samples/PalFiles,Recovered from the stage subtable palette field at +0x2b.
capsule,st6_jck.pal,stage table,present in Samples/PalFiles,Recovered from the stage subtable palette field at +0x2b.
cloud,st1_1.pal,stage table,present in Samples/PalFiles,Recovered from the stage subtable palette field at +0x2b.
cloud,st1_2.pal,stage table,present in Samples/PalFiles,Recovered from the stage subtable palette field at +0x2b.
cloud,st1_h.pal,stage table,present in Samples/PalFiles,Recovered from the stage subtable palette field at +0x2b.
dmkmk2,st2_lb.pal,stage table,present in Samples/PalFiles,Recovered from the stage subtable palette field at +0x2b.
dmkmk2,st2_ldfr.pal,stage table,present in Samples/PalFiles,Recovered from the stage subtable palette field at +0x2b.
dmkmk2,st2_rdff.pal,stage table,present in Samples/PalFiles,Recovered from the stage subtable palette field at +0x2b.
dmkmk2,st2_rfff.pal,stage table,present in Samples/PalFiles,Recovered from the stage subtable palette field at +0x2b.
dmkmk2,st2_s.pal,stage table,present in Samples/PalFiles,Recovered from the stage subtable palette field at +0x2b.
d_catty,st1_1.pal,stage table,present in Samples/PalFiles,Recovered from the stage subtable palette field at +0x2b.
d_catty,st1_2.pal,stage table,present in Samples/PalFiles,Recovered from the stage subtable palette field at +0x2b.
d_catty,st1_h.pal,stage table,present in Samples/PalFiles,Recovered from the stage subtable palette field at +0x2b.
d_catty,st3_bb.pal,stage table,present in Samples/PalFiles,Recovered from the stage subtable palette field at +0x2b.
d_catty,st3_f.pal,stage table,present in Samples/PalFiles,Recovered from the stage subtable palette field at +0x2b.
d_catty,st3_gd.pal,stage table,present in Samples/PalFiles,Recovered from the stage subtable palette field at +0x2b.
d_catty,st3_s.pal,stage table,present in Samples/PalFiles,Recovered from the stage subtable palette field at +0x2b.
d_catty,st3_vdb.pal,stage table,present in Samples/PalFiles,Recovered from the stage subtable palette field at +0x2b.
d_catty2,st2_ldfr.pal,stage table,present in Samples/PalFiles,Recovered from the stage subtable palette field at +0x2b.
d_catty2,st2_rdff.pal,stage table,present in Samples/PalFiles,Recovered from the stage subtable palette field at +0x2b.
d_catty2,st2_rfff.pal,stage table,present in Samples/PalFiles,Recovered from the stage subtable palette field at +0x2b.
d_catty2,st2_s.pal,stage table,present in Samples/PalFiles,Recovered from the stage subtable palette field at +0x2b.
d_catty2,st3_bb.pal,stage table,present in Samples/PalFiles,Recovered from the stage subtable palette field at +0x2b.
d_catty2,st3_f.pal,stage table,present in Samples/PalFiles,Recovered from the stage subtable palette field at +0x2b.
d_catty2,st3_gd.pal,stage table,present in Samples/PalFiles,Recovered from the stage subtable palette field at +0x2b.
d_catty2,st3_s.pal,stage table,present in Samples/PalFiles,Recovered from the stage subtable palette field at +0x2b.
d_catty2,st3_vdb.pal,stage table,present in Samples/PalFiles,Recovered from the stage subtable palette field at +0x2b.
ele2,st6_b1.pal,stage table,present in Samples/PalFiles,Recovered from the stage subtable palette field at +0x2b.
ele2,st6_b4.pal,stage table,present in Samples/PalFiles,Recovered from the stage subtable palette field at +0x2b.
ele2,st6_bf.pal,stage table,present in Samples/PalFiles,Recovered from the stage subtable palette field at +0x2b.
ele2,st6_bk.pal,stage table,present in Samples/PalFiles,Recovered from the stage subtable palette field at +0x2b.
ele2,st6_jck.pal,stage table,present in Samples/PalFiles,Recovered from the stage subtable palette field at +0x2b.
ele2,st6_l.pal,stage table,present in Samples/PalFiles,Recovered from the stage subtable palette field at +0x2b.
ele2,st6_m.pal,stage table,present in Samples/PalFiles,Recovered from the stage subtable palette field at +0x2b.
ele2,st6_p.pal,stage table,present in Samples/PalFiles,Recovered from the stage subtable palette field at +0x2b.
ele2,st6_s.pal,stage table,present in Samples/PalFiles,Recovered from the stage subtable palette field at +0x2b.
elevator,st2_ldfr.pal,stage table,present in Samples/PalFiles,Recovered from the stage subtable palette field at +0x2b.
elevator,st2_rdff.pal,stage table,present in Samples/PalFiles,Recovered from the stage subtable palette field at +0x2b.
elevator,st2_rfff.pal,stage table,present in Samples/PalFiles,Recovered from the stage subtable palette field at +0x2b.
elevator,st2_s.pal,stage table,present in Samples/PalFiles,Recovered from the stage subtable palette field at +0x2b.
ending,ending.pal,literal palette load,present in Samples/PalFiles,"Raw code at 0x00035c76 opens ending.pal from zyclunt.jam, reads 0x300 bytes, then loads ending.cad."
endroll,ending.pal,shared literal palette load,present in Samples/PalFiles,"The ending sequence loads ending.pal once, then loads ending.cad and endroll.cad under that same palette setup."
energy,st1_1.pal,stage table,present in Samples/PalFiles,Recovered from the stage subtable palette field at +0x2b.
energy,st1_2.pal,stage table,present in Samples/PalFiles,Recovered from the stage subtable palette field at +0x2b.
energy,st1_h.pal,stage table,present in Samples/PalFiles,Recovered from the stage subtable palette field at +0x2b.
energy,st2_lb.pal,stage table,present in Samples/PalFiles,Recovered from the stage subtable palette field at +0x2b.
energy,st2_ldfr.pal,stage table,present in Samples/PalFiles,Recovered from the stage subtable palette field at +0x2b.
energy,st2_rdff.pal,stage table,present in Samples/PalFiles,Recovered from the stage subtable palette field at +0x2b.
energy,st2_rfff.pal,stage table,present in Samples/PalFiles,Recovered from the stage subtable palette field at +0x2b.
energy,st2_s.pal,stage table,present in Samples/PalFiles,Recovered from the stage subtable palette field at +0x2b.
energy,st3_bb.pal,stage table,present in Samples/PalFiles,Recovered from the stage subtable palette field at +0x2b.
energy,st3_boss.pal,stage table,present in Samples/PalFiles,Recovered from the stage subtable palette field at +0x2b.
energy,st3_f.pal,stage table,present in Samples/PalFiles,Recovered from the stage subtable palette field at +0x2b.
energy,st3_gd.pal,stage table,present in Samples/PalFiles,Recovered from the stage subtable palette field at +0x2b.
energy,st3_k.pal,stage table,present in Samples/PalFiles,Recovered from the stage subtable palette field at +0x2b.
energy,st3_s.pal,stage table,present in Samples/PalFiles,Recovered from the stage subtable palette field at +0x2b.
energy,st3_vdb.pal,stage table,present in Samples/PalFiles,Recovered from the stage subtable palette field at +0x2b.
energy,st3_z.pal,stage table,present in Samples/PalFiles,Recovered from the stage subtable palette field at +0x2b.
energy,st4_1.pal,stage table,present in Samples/PalFiles,Recovered from the stage subtable palette field at +0x2b.
energy,st4_2.pal,stage table,present in Samples/PalFiles,Recovered from the stage subtable palette field at +0x2b.
energy,st4_s.pal,stage table,present in Samples/PalFiles,Recovered from the stage subtable palette field at +0x2b.
energy,st5_1.pal,stage table,present in Samples/PalFiles,Recovered from the stage subtable palette field at +0x2b.
energy,st5_b.pal,stage table,present in Samples/PalFiles,Recovered from the stage subtable palette field at +0x2b.
energy,st5_bs.pal,stage table,present in Samples/PalFiles,Recovered from the stage subtable palette field at +0x2b.
energy,st5_f.pal,stage table,present in Samples/PalFiles,Recovered from the stage subtable palette field at +0x2b.
energy,st5_s.pal,stage table,present in Samples/PalFiles,Recovered from the stage subtable palette field at +0x2b.
energy,st6_b1.pal,stage table,present in Samples/PalFiles,Recovered from the stage subtable palette field at +0x2b.
energy,st6_b4.pal,stage table,present in Samples/PalFiles,Recovered from the stage subtable palette field at +0x2b.
energy,st6_bf.pal,stage table,present in Samples/PalFiles,Recovered from the stage subtable palette field at +0x2b.
energy,st6_bk.pal,stage table,present in Samples/PalFiles,Recovered from the stage subtable palette field at +0x2b.
energy,st6_jck.pal,stage table,present in Samples/PalFiles,Recovered from the stage subtable palette field at +0x2b.
energy,st6_l.pal,stage table,present in Samples/PalFiles,Recovered from the stage subtable palette field at +0x2b.
energy,st6_m.pal,stage table,present in Samples/PalFiles,Recovered from the stage subtable palette field at +0x2b.
energy,st6_p.pal,stage table,present in Samples/PalFiles,Recovered from the stage subtable palette field at +0x2b.
energy,st6_s.pal,stage table,present in Samples/PalFiles,Recovered from the stage subtable palette field at +0x2b.
fb1,st1_1.pal,stage table,present in Samples/PalFiles,Recovered from the stage subtable palette field at +0x2b.
fb1,st1_2.pal,stage table,present in Samples/PalFiles,Recovered from the stage subtable palette field at +0x2b.
fb1,st1_h.pal,stage table,present in Samples/PalFiles,Recovered from the stage subtable palette field at +0x2b.
fb1,st4_s.pal,stage table,present in Samples/PalFiles,Recovered from the stage subtable palette field at +0x2b.
fpd,st2_ldfr.pal,stage table,present in Samples/PalFiles,Recovered from the stage subtable palette field at +0x2b.
fpd,st2_rdff.pal,stage table,present in Samples/PalFiles,Recovered from the stage subtable palette field at +0x2b.
fpd,st2_rfff.pal,stage table,present in Samples/PalFiles,Recovered from the stage subtable palette field at +0x2b.
fpd,st2_s.pal,stage table,present in Samples/PalFiles,Recovered from the stage subtable palette field at +0x2b.
fpd,st5_1.pal,stage table,present in Samples/PalFiles,Recovered from the stage subtable palette field at +0x2b.
fpd,st5_b.pal,stage table,present in Samples/PalFiles,Recovered from the stage subtable palette field at +0x2b.
fpd,st5_f.pal,stage table,present in Samples/PalFiles,Recovered from the stage subtable palette field at +0x2b.
fpd,st5_s.pal,stage table,present in Samples/PalFiles,Recovered from the stage subtable palette field at +0x2b.
fwing,st2_ldfr.pal,stage table,present in Samples/PalFiles,Recovered from the stage subtable palette field at +0x2b.
fwing,st2_rdff.pal,stage table,present in Samples/PalFiles,Recovered from the stage subtable palette field at +0x2b.
fwing,st2_rfff.pal,stage table,present in Samples/PalFiles,Recovered from the stage subtable palette field at +0x2b.
fwing,st2_s.pal,stage table,present in Samples/PalFiles,Recovered from the stage subtable palette field at +0x2b.
fwing',st5_1.pal,stage table,present in Samples/PalFiles,Recovered from the stage subtable palette field at +0x2b.
fwing',st5_b.pal,stage table,present in Samples/PalFiles,Recovered from the stage subtable palette field at +0x2b.
fwing',st5_f.pal,stage table,present in Samples/PalFiles,Recovered from the stage subtable palette field at +0x2b.
fwing',st5_s.pal,stage table,present in Samples/PalFiles,Recovered from the stage subtable palette field at +0x2b.
f_catty,st2_ldfr.pal,stage table,present in Samples/PalFiles,Recovered from the stage subtable palette field at +0x2b.
f_catty,st2_rdff.pal,stage table,present in Samples/PalFiles,Recovered from the stage subtable palette field at +0x2b.
f_catty,st2_rfff.pal,stage table,present in Samples/PalFiles,Recovered from the stage subtable palette field at +0x2b.
f_catty,st2_s.pal,stage table,present in Samples/PalFiles,Recovered from the stage subtable palette field at +0x2b.
f_rady,st3_bb.pal,stage table,present in Samples/PalFiles,Recovered from the stage subtable palette field at +0x2b.
f_rady,st3_f.pal,stage table,present in Samples/PalFiles,Recovered from the stage subtable palette field at +0x2b.
f_rady,st3_gd.pal,stage table,present in Samples/PalFiles,Recovered from the stage subtable palette field at +0x2b.
f_rady,st3_s.pal,stage table,present in Samples/PalFiles,Recovered from the stage subtable palette field at +0x2b.
f_rady,st3_vdb.pal,stage table,present in Samples/PalFiles,Recovered from the stage subtable palette field at +0x2b.
gaiga,st1_1.pal,stage table,present in Samples/PalFiles,Recovered from the stage subtable palette field at +0x2b.
gaiga,st1_2.pal,stage table,present in Samples/PalFiles,Recovered from the stage subtable palette field at +0x2b.
gaiga,st1_h.pal,stage table,present in Samples/PalFiles,Recovered from the stage subtable palette field at +0x2b.
gaiga,st3_bb.pal,stage table,present in Samples/PalFiles,Recovered from the stage subtable palette field at +0x2b.
gaiga,st3_f.pal,stage table,present in Samples/PalFiles,Recovered from the stage subtable palette field at +0x2b.
gaiga,st3_gd.pal,stage table,present in Samples/PalFiles,Recovered from the stage subtable palette field at +0x2b.
gaiga,st3_s.pal,stage table,present in Samples/PalFiles,Recovered from the stage subtable palette field at +0x2b.
gaiga,st3_vdb.pal,stage table,present in Samples/PalFiles,Recovered from the stage subtable palette field at +0x2b.
g_gear,st1_1.pal,stage table,present in Samples/PalFiles,Recovered from the stage subtable palette field at +0x2b.
g_gear,st1_2.pal,stage table,present in Samples/PalFiles,Recovered from the stage subtable palette field at +0x2b.
g_gear,st1_h.pal,stage table,present in Samples/PalFiles,Recovered from the stage subtable palette field at +0x2b.
g_gear,st2_lb.pal,stage table,present in Samples/PalFiles,Recovered from the stage subtable palette field at +0x2b.
g_gear,st2_ldfr.pal,stage table,present in Samples/PalFiles,Recovered from the stage subtable palette field at +0x2b.
g_gear,st2_rdff.pal,stage table,present in Samples/PalFiles,Recovered from the stage subtable palette field at +0x2b.
g_gear,st2_rfff.pal,stage table,present in Samples/PalFiles,Recovered from the stage subtable palette field at +0x2b.
g_gear,st2_s.pal,stage table,present in Samples/PalFiles,Recovered from the stage subtable palette field at +0x2b.
g_gear,st3_bb.pal,stage table,present in Samples/PalFiles,Recovered from the stage subtable palette field at +0x2b.
g_gear,st3_boss.pal,stage table,present in Samples/PalFiles,Recovered from the stage subtable palette field at +0x2b.
g_gear,st3_f.pal,stage table,present in Samples/PalFiles,Recovered from the stage subtable palette field at +0x2b.
g_gear,st3_gd.pal,stage table,present in Samples/PalFiles,Recovered from the stage subtable palette field at +0x2b.
g_gear,st3_k.pal,stage table,present in Samples/PalFiles,Recovered from the stage subtable palette field at +0x2b.
g_gear,st3_s.pal,stage table,present in Samples/PalFiles,Recovered from the stage subtable palette field at +0x2b.
g_gear,st3_vdb.pal,stage table,present in Samples/PalFiles,Recovered from the stage subtable palette field at +0x2b.
g_gear,st3_z.pal,stage table,present in Samples/PalFiles,Recovered from the stage subtable palette field at +0x2b.
g_gear,st4_1.pal,stage table,present in Samples/PalFiles,Recovered from the stage subtable palette field at +0x2b.
g_gear,st4_2.pal,stage table,present in Samples/PalFiles,Recovered from the stage subtable palette field at +0x2b.
g_gear,st4_s.pal,stage table,present in Samples/PalFiles,Recovered from the stage subtable palette field at +0x2b.
g_gear,st5_1.pal,stage table,present in Samples/PalFiles,Recovered from the stage subtable palette field at +0x2b.
g_gear,st5_b.pal,stage table,present in Samples/PalFiles,Recovered from the stage subtable palette field at +0x2b.
g_gear,st5_bs.pal,stage table,present in Samples/PalFiles,Recovered from the stage subtable palette field at +0x2b.
g_gear,st5_f.pal,stage table,present in Samples/PalFiles,Recovered from the stage subtable palette field at +0x2b.
g_gear,st5_s.pal,stage table,present in Samples/PalFiles,Recovered from the stage subtable palette field at +0x2b.
g_gear,st6_b1.pal,stage table,present in Samples/PalFiles,Recovered from the stage subtable palette field at +0x2b.
g_gear,st6_b4.pal,stage table,present in Samples/PalFiles,Recovered from the stage subtable palette field at +0x2b.
g_gear,st6_bf.pal,stage table,present in Samples/PalFiles,Recovered from the stage subtable palette field at +0x2b.
g_gear,st6_bk.pal,stage table,present in Samples/PalFiles,Recovered from the stage subtable palette field at +0x2b.
g_gear,st6_jck.pal,stage table,present in Samples/PalFiles,Recovered from the stage subtable palette field at +0x2b.
g_gear,st6_l.pal,stage table,present in Samples/PalFiles,Recovered from the stage subtable palette field at +0x2b.
g_gear,st6_m.pal,stage table,present in Samples/PalFiles,Recovered from the stage subtable palette field at +0x2b.
g_gear,st6_p.pal,stage table,present in Samples/PalFiles,Recovered from the stage subtable palette field at +0x2b.
g_gear,st6_s.pal,stage table,present in Samples/PalFiles,Recovered from the stage subtable palette field at +0x2b.
hg_home,st1_1.pal,stage table,present in Samples/PalFiles,Recovered from the stage subtable palette field at +0x2b.
hg_home,st1_2.pal,stage table,present in Samples/PalFiles,Recovered from the stage subtable palette field at +0x2b.
hg_home,st1_h.pal,stage table,present in Samples/PalFiles,Recovered from the stage subtable palette field at +0x2b.
hg_home,st2_lb.pal,stage table,present in Samples/PalFiles,Recovered from the stage subtable palette field at +0x2b.
hg_home,st2_ldfr.pal,stage table,present in Samples/PalFiles,Recovered from the stage subtable palette field at +0x2b.
hg_home,st2_rdff.pal,stage table,present in Samples/PalFiles,Recovered from the stage subtable palette field at +0x2b.
hg_home,st2_rfff.pal,stage table,present in Samples/PalFiles,Recovered from the stage subtable palette field at +0x2b.
hg_home,st2_s.pal,stage table,present in Samples/PalFiles,Recovered from the stage subtable palette field at +0x2b.
hg_home,st3_bb.pal,stage table,present in Samples/PalFiles,Recovered from the stage subtable palette field at +0x2b.
hg_home,st3_boss.pal,stage table,present in Samples/PalFiles,Recovered from the stage subtable palette field at +0x2b.
hg_home,st3_f.pal,stage table,present in Samples/PalFiles,Recovered from the stage subtable palette field at +0x2b.
hg_home,st3_gd.pal,stage table,present in Samples/PalFiles,Recovered from the stage subtable palette field at +0x2b.
hg_home,st3_k.pal,stage table,present in Samples/PalFiles,Recovered from the stage subtable palette field at +0x2b.
hg_home,st3_s.pal,stage table,present in Samples/PalFiles,Recovered from the stage subtable palette field at +0x2b.
hg_home,st3_vdb.pal,stage table,present in Samples/PalFiles,Recovered from the stage subtable palette field at +0x2b.
hg_home,st3_z.pal,stage table,present in Samples/PalFiles,Recovered from the stage subtable palette field at +0x2b.
hg_home,st4_1.pal,stage table,present in Samples/PalFiles,Recovered from the stage subtable palette field at +0x2b.
hg_home,st4_2.pal,stage table,present in Samples/PalFiles,Recovered from the stage subtable palette field at +0x2b.
hg_home,st4_s.pal,stage table,present in Samples/PalFiles,Recovered from the stage subtable palette field at +0x2b.
hg_home,st5_1.pal,stage table,present in Samples/PalFiles,Recovered from the stage subtable palette field at +0x2b.
hg_home,st5_b.pal,stage table,present in Samples/PalFiles,Recovered from the stage subtable palette field at +0x2b.
hg_home,st5_bs.pal,stage table,present in Samples/PalFiles,Recovered from the stage subtable palette field at +0x2b.
hg_home,st5_f.pal,stage table,present in Samples/PalFiles,Recovered from the stage subtable palette field at +0x2b.
hg_home,st5_s.pal,stage table,present in Samples/PalFiles,Recovered from the stage subtable palette field at +0x2b.
hg_home,st6_b1.pal,stage table,present in Samples/PalFiles,Recovered from the stage subtable palette field at +0x2b.
hg_home,st6_b4.pal,stage table,present in Samples/PalFiles,Recovered from the stage subtable palette field at +0x2b.
hg_home,st6_bf.pal,stage table,present in Samples/PalFiles,Recovered from the stage subtable palette field at +0x2b.
hg_home,st6_bk.pal,stage table,present in Samples/PalFiles,Recovered from the stage subtable palette field at +0x2b.
hg_home,st6_jck.pal,stage table,present in Samples/PalFiles,Recovered from the stage subtable palette field at +0x2b.
hg_home,st6_l.pal,stage table,present in Samples/PalFiles,Recovered from the stage subtable palette field at +0x2b.
hg_home,st6_m.pal,stage table,present in Samples/PalFiles,Recovered from the stage subtable palette field at +0x2b.
hg_home,st6_p.pal,stage table,present in Samples/PalFiles,Recovered from the stage subtable palette field at +0x2b.
hg_home,st6_s.pal,stage table,present in Samples/PalFiles,Recovered from the stage subtable palette field at +0x2b.
horn,st3_boss.pal,stage table,present in Samples/PalFiles,Recovered from the stage subtable palette field at +0x2b.
horn,st3_k.pal,stage table,present in Samples/PalFiles,Recovered from the stage subtable palette field at +0x2b.
horn,st3_z.pal,stage table,present in Samples/PalFiles,Recovered from the stage subtable palette field at +0x2b.
horn,st6_b4.pal,stage table,present in Samples/PalFiles,Recovered from the stage subtable palette field at +0x2b.
horn,st6_p.pal,stage table,present in Samples/PalFiles,Recovered from the stage subtable palette field at +0x2b.
h_beam,st1_1.pal,stage table,present in Samples/PalFiles,Recovered from the stage subtable palette field at +0x2b.
h_beam,st1_2.pal,stage table,present in Samples/PalFiles,Recovered from the stage subtable palette field at +0x2b.
h_beam,st1_h.pal,stage table,present in Samples/PalFiles,Recovered from the stage subtable palette field at +0x2b.
h_gear,st1_1.pal,stage table,present in Samples/PalFiles,Recovered from the stage subtable palette field at +0x2b.
h_gear,st1_2.pal,stage table,present in Samples/PalFiles,Recovered from the stage subtable palette field at +0x2b.
h_gear,st1_h.pal,stage table,present in Samples/PalFiles,Recovered from the stage subtable palette field at +0x2b.
h_gear,st2_lb.pal,stage table,present in Samples/PalFiles,Recovered from the stage subtable palette field at +0x2b.
h_gear,st2_ldfr.pal,stage table,present in Samples/PalFiles,Recovered from the stage subtable palette field at +0x2b.
h_gear,st2_rdff.pal,stage table,present in Samples/PalFiles,Recovered from the stage subtable palette field at +0x2b.
h_gear,st2_rfff.pal,stage table,present in Samples/PalFiles,Recovered from the stage subtable palette field at +0x2b.
h_gear,st2_s.pal,stage table,present in Samples/PalFiles,Recovered from the stage subtable palette field at +0x2b.
h_gear,st3_bb.pal,stage table,present in Samples/PalFiles,Recovered from the stage subtable palette field at +0x2b.
h_gear,st3_boss.pal,stage table,present in Samples/PalFiles,Recovered from the stage subtable palette field at +0x2b.
h_gear,st3_f.pal,stage table,present in Samples/PalFiles,Recovered from the stage subtable palette field at +0x2b.
h_gear,st3_gd.pal,stage table,present in Samples/PalFiles,Recovered from the stage subtable palette field at +0x2b.
h_gear,st3_k.pal,stage table,present in Samples/PalFiles,Recovered from the stage subtable palette field at +0x2b.
h_gear,st3_s.pal,stage table,present in Samples/PalFiles,Recovered from the stage subtable palette field at +0x2b.
h_gear,st3_vdb.pal,stage table,present in Samples/PalFiles,Recovered from the stage subtable palette field at +0x2b.
h_gear,st3_z.pal,stage table,present in Samples/PalFiles,Recovered from the stage subtable palette field at +0x2b.
h_gear,st4_1.pal,stage table,present in Samples/PalFiles,Recovered from the stage subtable palette field at +0x2b.
h_gear,st4_2.pal,stage table,present in Samples/PalFiles,Recovered from the stage subtable palette field at +0x2b.
h_gear,st4_s.pal,stage table,present in Samples/PalFiles,Recovered from the stage subtable palette field at +0x2b.
h_gear,st5_1.pal,stage table,present in Samples/PalFiles,Recovered from the stage subtable palette field at +0x2b.
h_gear,st5_b.pal,stage table,present in Samples/PalFiles,Recovered from the stage subtable palette field at +0x2b.
h_gear,st5_bs.pal,stage table,present in Samples/PalFiles,Recovered from the stage subtable palette field at +0x2b.
h_gear,st5_f.pal,stage table,present in Samples/PalFiles,Recovered from the stage subtable palette field at +0x2b.
h_gear,st5_s.pal,stage table,present in Samples/PalFiles,Recovered from the stage subtable palette field at +0x2b.
h_gear,st6_b1.pal,stage table,present in Samples/PalFiles,Recovered from the stage subtable palette field at +0x2b.
h_gear,st6_b4.pal,stage table,present in Samples/PalFiles,Recovered from the stage subtable palette field at +0x2b.
h_gear,st6_bf.pal,stage table,present in Samples/PalFiles,Recovered from the stage subtable palette field at +0x2b.
h_gear,st6_bk.pal,stage table,present in Samples/PalFiles,Recovered from the stage subtable palette field at +0x2b.
h_gear,st6_jck.pal,stage table,present in Samples/PalFiles,Recovered from the stage subtable palette field at +0x2b.
h_gear,st6_l.pal,stage table,present in Samples/PalFiles,Recovered from the stage subtable palette field at +0x2b.
h_gear,st6_m.pal,stage table,present in Samples/PalFiles,Recovered from the stage subtable palette field at +0x2b.
h_gear,st6_p.pal,stage table,present in Samples/PalFiles,Recovered from the stage subtable palette field at +0x2b.
h_gear,st6_s.pal,stage table,present in Samples/PalFiles,Recovered from the stage subtable palette field at +0x2b.
h_hugger,st1_1.pal,stage table,present in Samples/PalFiles,Recovered from the stage subtable palette field at +0x2b.
h_hugger,st1_2.pal,stage table,present in Samples/PalFiles,Recovered from the stage subtable palette field at +0x2b.
h_hugger,st1_h.pal,stage table,present in Samples/PalFiles,Recovered from the stage subtable palette field at +0x2b.
jim,st6_jck.pal,stage table,present in Samples/PalFiles,Recovered from the stage subtable palette field at +0x2b.
kage,st3_boss.pal,stage table,present in Samples/PalFiles,Recovered from the stage subtable palette field at +0x2b.
kage,st3_k.pal,stage table,present in Samples/PalFiles,Recovered from the stage subtable palette field at +0x2b.
kage,st6_jck.pal,stage table,present in Samples/PalFiles,Recovered from the stage subtable palette field at +0x2b.
lai,st5_1.pal,stage table,present in Samples/PalFiles,Recovered from the stage subtable palette field at +0x2b.
lai,st5_b.pal,stage table,present in Samples/PalFiles,Recovered from the stage subtable palette field at +0x2b.
lai,st5_f.pal,stage table,present in Samples/PalFiles,Recovered from the stage subtable palette field at +0x2b.
lai,st5_s.pal,stage table,present in Samples/PalFiles,Recovered from the stage subtable palette field at +0x2b.
lamia,st2_lb.pal,stage table,present in Samples/PalFiles,Recovered from the stage subtable palette field at +0x2b.
lamia,st2_ldfr.pal,stage table,present in Samples/PalFiles,Recovered from the stage subtable palette field at +0x2b.
lamia,st6_b1.pal,stage table,present in Samples/PalFiles,Recovered from the stage subtable palette field at +0x2b.
lamia,st6_l.pal,stage table,present in Samples/PalFiles,Recovered from the stage subtable palette field at +0x2b.
lamia,st6_s.pal,stage table,present in Samples/PalFiles,Recovered from the stage subtable palette field at +0x2b.
lamp,st2_lb.pal,stage table,present in Samples/PalFiles,Recovered from the stage subtable palette field at +0x2b.
lamp,st2_ldfr.pal,stage table,present in Samples/PalFiles,Recovered from the stage subtable palette field at +0x2b.
lamp,st2_rdff.pal,stage table,present in Samples/PalFiles,Recovered from the stage subtable palette field at +0x2b.
lamp,st2_rfff.pal,stage table,present in Samples/PalFiles,Recovered from the stage subtable palette field at +0x2b.
lamp,st2_s.pal,stage table,present in Samples/PalFiles,Recovered from the stage subtable palette field at +0x2b.
laser1,st3_bb.pal,stage table,present in Samples/PalFiles,Recovered from the stage subtable palette field at +0x2b.
laser1,st3_f.pal,stage table,present in Samples/PalFiles,Recovered from the stage subtable palette field at +0x2b.
laser1,st3_gd.pal,stage table,present in Samples/PalFiles,Recovered from the stage subtable palette field at +0x2b.
laser1,st3_s.pal,stage table,present in Samples/PalFiles,Recovered from the stage subtable palette field at +0x2b.
laser1,st3_vdb.pal,stage table,present in Samples/PalFiles,Recovered from the stage subtable palette field at +0x2b.
laser2,,unknown,unresolved,
lball,st2_lb.pal,stage table,present in Samples/PalFiles,Recovered from the stage subtable palette field at +0x2b.
lball,st2_ldfr.pal,stage table,present in Samples/PalFiles,Recovered from the stage subtable palette field at +0x2b.
lball,st6_b1.pal,stage table,present in Samples/PalFiles,Recovered from the stage subtable palette field at +0x2b.
lball,st6_bf.pal,stage table,present in Samples/PalFiles,Recovered from the stage subtable palette field at +0x2b.
lball,st6_l.pal,stage table,present in Samples/PalFiles,Recovered from the stage subtable palette field at +0x2b.
lball,st6_s.pal,stage table,present in Samples/PalFiles,Recovered from the stage subtable palette field at +0x2b.
lcaps,st2_lb.pal,stage table,present in Samples/PalFiles,Recovered from the stage subtable palette field at +0x2b.
lcaps,st2_ldfr.pal,stage table,present in Samples/PalFiles,Recovered from the stage subtable palette field at +0x2b.
logo,,unknown,unresolved,
mars,st6_m.pal,stage table,present in Samples/PalFiles,Recovered from the stage subtable palette field at +0x2b.
missile,st1_1.pal,stage table,present in Samples/PalFiles,Recovered from the stage subtable palette field at +0x2b.
missile,st1_2.pal,stage table,present in Samples/PalFiles,Recovered from the stage subtable palette field at +0x2b.
missile,st1_h.pal,stage table,present in Samples/PalFiles,Recovered from the stage subtable palette field at +0x2b.
missile,st2_lb.pal,stage table,present in Samples/PalFiles,Recovered from the stage subtable palette field at +0x2b.
missile,st2_ldfr.pal,stage table,present in Samples/PalFiles,Recovered from the stage subtable palette field at +0x2b.
missile,st2_rdff.pal,stage table,present in Samples/PalFiles,Recovered from the stage subtable palette field at +0x2b.
missile,st2_rfff.pal,stage table,present in Samples/PalFiles,Recovered from the stage subtable palette field at +0x2b.
missile,st2_s.pal,stage table,present in Samples/PalFiles,Recovered from the stage subtable palette field at +0x2b.
missile,st3_bb.pal,stage table,present in Samples/PalFiles,Recovered from the stage subtable palette field at +0x2b.
missile,st3_f.pal,stage table,present in Samples/PalFiles,Recovered from the stage subtable palette field at +0x2b.
missile,st3_gd.pal,stage table,present in Samples/PalFiles,Recovered from the stage subtable palette field at +0x2b.
missile,st3_s.pal,stage table,present in Samples/PalFiles,Recovered from the stage subtable palette field at +0x2b.
missile,st3_vdb.pal,stage table,present in Samples/PalFiles,Recovered from the stage subtable palette field at +0x2b.
missile,st4_1.pal,stage table,present in Samples/PalFiles,Recovered from the stage subtable palette field at +0x2b.
missile,st4_2.pal,stage table,present in Samples/PalFiles,Recovered from the stage subtable palette field at +0x2b.
missile,st4_s.pal,stage table,present in Samples/PalFiles,Recovered from the stage subtable palette field at +0x2b.
missile,st5_1.pal,stage table,present in Samples/PalFiles,Recovered from the stage subtable palette field at +0x2b.
missile,st5_b.pal,stage table,present in Samples/PalFiles,Recovered from the stage subtable palette field at +0x2b.
missile,st5_bs.pal,stage table,present in Samples/PalFiles,Recovered from the stage subtable palette field at +0x2b.
missile,st5_f.pal,stage table,present in Samples/PalFiles,Recovered from the stage subtable palette field at +0x2b.
missile,st5_s.pal,stage table,present in Samples/PalFiles,Recovered from the stage subtable palette field at +0x2b.
missile,st6_b1.pal,stage table,present in Samples/PalFiles,Recovered from the stage subtable palette field at +0x2b.
missile,st6_b4.pal,stage table,present in Samples/PalFiles,Recovered from the stage subtable palette field at +0x2b.
missile,st6_bf.pal,stage table,present in Samples/PalFiles,Recovered from the stage subtable palette field at +0x2b.
missile,st6_bk.pal,stage table,present in Samples/PalFiles,Recovered from the stage subtable palette field at +0x2b.
missile,st6_jck.pal,stage table,present in Samples/PalFiles,Recovered from the stage subtable palette field at +0x2b.
missile,st6_l.pal,stage table,present in Samples/PalFiles,Recovered from the stage subtable palette field at +0x2b.
missile,st6_m.pal,stage table,present in Samples/PalFiles,Recovered from the stage subtable palette field at +0x2b.
missile,st6_p.pal,stage table,present in Samples/PalFiles,Recovered from the stage subtable palette field at +0x2b.
missile,st6_s.pal,stage table,present in Samples/PalFiles,Recovered from the stage subtable palette field at +0x2b.
m_laser,st6_m.pal,stage table,present in Samples/PalFiles,Recovered from the stage subtable palette field at +0x2b.
nasty,st5_bs.pal,stage table,present in Samples/PalFiles,Recovered from the stage subtable palette field at +0x2b.
player,st1_1.pal,stage table,present in Samples/PalFiles,Recovered from the stage subtable palette field at +0x2b.
player,st1_2.pal,stage table,present in Samples/PalFiles,Recovered from the stage subtable palette field at +0x2b.
player,st1_h.pal,stage table,present in Samples/PalFiles,Recovered from the stage subtable palette field at +0x2b.
player,st2_lb.pal,stage table,present in Samples/PalFiles,Recovered from the stage subtable palette field at +0x2b.
player,st2_ldfr.pal,stage table,present in Samples/PalFiles,Recovered from the stage subtable palette field at +0x2b.
player,st2_rdff.pal,stage table,present in Samples/PalFiles,Recovered from the stage subtable palette field at +0x2b.
player,st2_rfff.pal,stage table,present in Samples/PalFiles,Recovered from the stage subtable palette field at +0x2b.
player,st2_s.pal,stage table,present in Samples/PalFiles,Recovered from the stage subtable palette field at +0x2b.
player,st3_bb.pal,stage table,present in Samples/PalFiles,Recovered from the stage subtable palette field at +0x2b.
player,st3_boss.pal,stage table,present in Samples/PalFiles,Recovered from the stage subtable palette field at +0x2b.
player,st3_f.pal,stage table,present in Samples/PalFiles,Recovered from the stage subtable palette field at +0x2b.
player,st3_gd.pal,stage table,present in Samples/PalFiles,Recovered from the stage subtable palette field at +0x2b.
player,st3_k.pal,stage table,present in Samples/PalFiles,Recovered from the stage subtable palette field at +0x2b.
player,st3_s.pal,stage table,present in Samples/PalFiles,Recovered from the stage subtable palette field at +0x2b.
player,st3_vdb.pal,stage table,present in Samples/PalFiles,Recovered from the stage subtable palette field at +0x2b.
player,st3_z.pal,stage table,present in Samples/PalFiles,Recovered from the stage subtable palette field at +0x2b.
player,st4_1.pal,stage table,present in Samples/PalFiles,Recovered from the stage subtable palette field at +0x2b.
player,st4_2.pal,stage table,present in Samples/PalFiles,Recovered from the stage subtable palette field at +0x2b.
player,st4_s.pal,stage table,present in Samples/PalFiles,Recovered from the stage subtable palette field at +0x2b.
player,st5_1.pal,stage table,present in Samples/PalFiles,Recovered from the stage subtable palette field at +0x2b.
player,st5_b.pal,stage table,present in Samples/PalFiles,Recovered from the stage subtable palette field at +0x2b.
player,st5_bs.pal,stage table,present in Samples/PalFiles,Recovered from the stage subtable palette field at +0x2b.
player,st5_f.pal,stage table,present in Samples/PalFiles,Recovered from the stage subtable palette field at +0x2b.
player,st5_s.pal,stage table,present in Samples/PalFiles,Recovered from the stage subtable palette field at +0x2b.
player,st6_b1.pal,stage table,present in Samples/PalFiles,Recovered from the stage subtable palette field at +0x2b.
player,st6_b4.pal,stage table,present in Samples/PalFiles,Recovered from the stage subtable palette field at +0x2b.
player,st6_bf.pal,stage table,present in Samples/PalFiles,Recovered from the stage subtable palette field at +0x2b.
player,st6_bk.pal,stage table,present in Samples/PalFiles,Recovered from the stage subtable palette field at +0x2b.
player,st6_jck.pal,stage table,present in Samples/PalFiles,Recovered from the stage subtable palette field at +0x2b.
player,st6_l.pal,stage table,present in Samples/PalFiles,Recovered from the stage subtable palette field at +0x2b.
player,st6_m.pal,stage table,present in Samples/PalFiles,Recovered from the stage subtable palette field at +0x2b.
player,st6_p.pal,stage table,present in Samples/PalFiles,Recovered from the stage subtable palette field at +0x2b.
player,st6_s.pal,stage table,present in Samples/PalFiles,Recovered from the stage subtable palette field at +0x2b.
pred,st3_boss.pal,stage table,present in Samples/PalFiles,Recovered from the stage subtable palette field at +0x2b.
pred,st3_k.pal,stage table,present in Samples/PalFiles,Recovered from the stage subtable palette field at +0x2b.
pred,st3_z.pal,stage table,present in Samples/PalFiles,Recovered from the stage subtable palette field at +0x2b.
pred,st6_b4.pal,stage table,present in Samples/PalFiles,Recovered from the stage subtable palette field at +0x2b.
pred,st6_p.pal,stage table,present in Samples/PalFiles,Recovered from the stage subtable palette field at +0x2b.
p_gear,st1_1.pal,stage table,present in Samples/PalFiles,Recovered from the stage subtable palette field at +0x2b.
p_gear,st1_2.pal,stage table,present in Samples/PalFiles,Recovered from the stage subtable palette field at +0x2b.
p_gear,st1_h.pal,stage table,present in Samples/PalFiles,Recovered from the stage subtable palette field at +0x2b.
p_gear,st2_lb.pal,stage table,present in Samples/PalFiles,Recovered from the stage subtable palette field at +0x2b.
p_gear,st2_ldfr.pal,stage table,present in Samples/PalFiles,Recovered from the stage subtable palette field at +0x2b.
p_gear,st2_rdff.pal,stage table,present in Samples/PalFiles,Recovered from the stage subtable palette field at +0x2b.
p_gear,st2_rfff.pal,stage table,present in Samples/PalFiles,Recovered from the stage subtable palette field at +0x2b.
p_gear,st2_s.pal,stage table,present in Samples/PalFiles,Recovered from the stage subtable palette field at +0x2b.
p_gear,st3_bb.pal,stage table,present in Samples/PalFiles,Recovered from the stage subtable palette field at +0x2b.
p_gear,st3_boss.pal,stage table,present in Samples/PalFiles,Recovered from the stage subtable palette field at +0x2b.
p_gear,st3_f.pal,stage table,present in Samples/PalFiles,Recovered from the stage subtable palette field at +0x2b.
p_gear,st3_gd.pal,stage table,present in Samples/PalFiles,Recovered from the stage subtable palette field at +0x2b.
p_gear,st3_k.pal,stage table,present in Samples/PalFiles,Recovered from the stage subtable palette field at +0x2b.
p_gear,st3_s.pal,stage table,present in Samples/PalFiles,Recovered from the stage subtable palette field at +0x2b.
p_gear,st3_vdb.pal,stage table,present in Samples/PalFiles,Recovered from the stage subtable palette field at +0x2b.
p_gear,st3_z.pal,stage table,present in Samples/PalFiles,Recovered from the stage subtable palette field at +0x2b.
p_gear,st4_1.pal,stage table,present in Samples/PalFiles,Recovered from the stage subtable palette field at +0x2b.
p_gear,st4_2.pal,stage table,present in Samples/PalFiles,Recovered from the stage subtable palette field at +0x2b.
p_gear,st4_s.pal,stage table,present in Samples/PalFiles,Recovered from the stage subtable palette field at +0x2b.
p_gear,st5_1.pal,stage table,present in Samples/PalFiles,Recovered from the stage subtable palette field at +0x2b.
p_gear,st5_b.pal,stage table,present in Samples/PalFiles,Recovered from the stage subtable palette field at +0x2b.
p_gear,st5_bs.pal,stage table,present in Samples/PalFiles,Recovered from the stage subtable palette field at +0x2b.
p_gear,st5_f.pal,stage table,present in Samples/PalFiles,Recovered from the stage subtable palette field at +0x2b.
p_gear,st5_s.pal,stage table,present in Samples/PalFiles,Recovered from the stage subtable palette field at +0x2b.
p_gear,st6_b1.pal,stage table,present in Samples/PalFiles,Recovered from the stage subtable palette field at +0x2b.
p_gear,st6_b4.pal,stage table,present in Samples/PalFiles,Recovered from the stage subtable palette field at +0x2b.
p_gear,st6_bf.pal,stage table,present in Samples/PalFiles,Recovered from the stage subtable palette field at +0x2b.
p_gear,st6_bk.pal,stage table,present in Samples/PalFiles,Recovered from the stage subtable palette field at +0x2b.
p_gear,st6_jck.pal,stage table,present in Samples/PalFiles,Recovered from the stage subtable palette field at +0x2b.
p_gear,st6_l.pal,stage table,present in Samples/PalFiles,Recovered from the stage subtable palette field at +0x2b.
p_gear,st6_m.pal,stage table,present in Samples/PalFiles,Recovered from the stage subtable palette field at +0x2b.
p_gear,st6_p.pal,stage table,present in Samples/PalFiles,Recovered from the stage subtable palette field at +0x2b.
p_gear,st6_s.pal,stage table,present in Samples/PalFiles,Recovered from the stage subtable palette field at +0x2b.
p_wave,st6_m.pal,stage table,present in Samples/PalFiles,Recovered from the stage subtable palette field at +0x2b.
red,st2_lb.pal,stage table,present in Samples/PalFiles,Recovered from the stage subtable palette field at +0x2b.
red,st2_ldfr.pal,stage table,present in Samples/PalFiles,Recovered from the stage subtable palette field at +0x2b.
red,st2_rdff.pal,stage table,present in Samples/PalFiles,Recovered from the stage subtable palette field at +0x2b.
red,st2_rfff.pal,stage table,present in Samples/PalFiles,Recovered from the stage subtable palette field at +0x2b.
red,st2_s.pal,stage table,present in Samples/PalFiles,Recovered from the stage subtable palette field at +0x2b.
ridep,st5_1.pal,stage table,present in Samples/PalFiles,Recovered from the stage subtable palette field at +0x2b.
ridep,st5_b.pal,stage table,present in Samples/PalFiles,Recovered from the stage subtable palette field at +0x2b.
ridep,st5_f.pal,stage table,present in Samples/PalFiles,Recovered from the stage subtable palette field at +0x2b.
ridep,st5_s.pal,stage table,present in Samples/PalFiles,Recovered from the stage subtable palette field at +0x2b.
rides,st5_1.pal,stage table,present in Samples/PalFiles,Recovered from the stage subtable palette field at +0x2b.
rides,st5_b.pal,stage table,present in Samples/PalFiles,Recovered from the stage subtable palette field at +0x2b.
rides,st5_f.pal,stage table,present in Samples/PalFiles,Recovered from the stage subtable palette field at +0x2b.
rides,st5_s.pal,stage table,present in Samples/PalFiles,Recovered from the stage subtable palette field at +0x2b.
rides4,st4_1.pal,stage table,present in Samples/PalFiles,Recovered from the stage subtable palette field at +0x2b.
rides4,st4_2.pal,stage table,present in Samples/PalFiles,Recovered from the stage subtable palette field at +0x2b.
rides6,st6_jck.pal,stage table,present in Samples/PalFiles,Recovered from the stage subtable palette field at +0x2b.
sala,st3_boss.pal,stage table,present in Samples/PalFiles,Recovered from the stage subtable palette field at +0x2b.
sala,st3_k.pal,stage table,present in Samples/PalFiles,Recovered from the stage subtable palette field at +0x2b.
sala,st3_z.pal,stage table,present in Samples/PalFiles,Recovered from the stage subtable palette field at +0x2b.
sala,st6_b4.pal,stage table,present in Samples/PalFiles,Recovered from the stage subtable palette field at +0x2b.
sala,st6_p.pal,stage table,present in Samples/PalFiles,Recovered from the stage subtable palette field at +0x2b.
sclear,sclear.pal,literal palette load,present in Samples/PalFiles,"Raw code at 0x000374c2 opens sclear.pal from zyclunt.jam, reads 0x300 bytes, then loads sclear.cad."
sfa,st3_boss.pal,stage table,present in Samples/PalFiles,Recovered from the stage subtable palette field at +0x2b.
sfa,st3_k.pal,stage table,present in Samples/PalFiles,Recovered from the stage subtable palette field at +0x2b.
sfa,st3_z.pal,stage table,present in Samples/PalFiles,Recovered from the stage subtable palette field at +0x2b.
sfa,st6_b4.pal,stage table,present in Samples/PalFiles,Recovered from the stage subtable palette field at +0x2b.
sfa,st6_p.pal,stage table,present in Samples/PalFiles,Recovered from the stage subtable palette field at +0x2b.
sg_shot,st1_1.pal,stage table,present in Samples/PalFiles,Recovered from the stage subtable palette field at +0x2b.
sg_shot,st1_2.pal,stage table,present in Samples/PalFiles,Recovered from the stage subtable palette field at +0x2b.
sg_shot,st1_h.pal,stage table,present in Samples/PalFiles,Recovered from the stage subtable palette field at +0x2b.
sg_shot,st2_lb.pal,stage table,present in Samples/PalFiles,Recovered from the stage subtable palette field at +0x2b.
sg_shot,st2_ldfr.pal,stage table,present in Samples/PalFiles,Recovered from the stage subtable palette field at +0x2b.
sg_shot,st2_rdff.pal,stage table,present in Samples/PalFiles,Recovered from the stage subtable palette field at +0x2b.
sg_shot,st2_rfff.pal,stage table,present in Samples/PalFiles,Recovered from the stage subtable palette field at +0x2b.
sg_shot,st2_s.pal,stage table,present in Samples/PalFiles,Recovered from the stage subtable palette field at +0x2b.
sg_shot,st3_bb.pal,stage table,present in Samples/PalFiles,Recovered from the stage subtable palette field at +0x2b.
sg_shot,st3_boss.pal,stage table,present in Samples/PalFiles,Recovered from the stage subtable palette field at +0x2b.
sg_shot,st3_f.pal,stage table,present in Samples/PalFiles,Recovered from the stage subtable palette field at +0x2b.
sg_shot,st3_gd.pal,stage table,present in Samples/PalFiles,Recovered from the stage subtable palette field at +0x2b.
sg_shot,st3_k.pal,stage table,present in Samples/PalFiles,Recovered from the stage subtable palette field at +0x2b.
sg_shot,st3_s.pal,stage table,present in Samples/PalFiles,Recovered from the stage subtable palette field at +0x2b.
sg_shot,st3_vdb.pal,stage table,present in Samples/PalFiles,Recovered from the stage subtable palette field at +0x2b.
sg_shot,st3_z.pal,stage table,present in Samples/PalFiles,Recovered from the stage subtable palette field at +0x2b.
sg_shot,st4_1.pal,stage table,present in Samples/PalFiles,Recovered from the stage subtable palette field at +0x2b.
sg_shot,st4_2.pal,stage table,present in Samples/PalFiles,Recovered from the stage subtable palette field at +0x2b.
sg_shot,st4_s.pal,stage table,present in Samples/PalFiles,Recovered from the stage subtable palette field at +0x2b.
sg_shot,st5_1.pal,stage table,present in Samples/PalFiles,Recovered from the stage subtable palette field at +0x2b.
sg_shot,st5_b.pal,stage table,present in Samples/PalFiles,Recovered from the stage subtable palette field at +0x2b.
sg_shot,st5_bs.pal,stage table,present in Samples/PalFiles,Recovered from the stage subtable palette field at +0x2b.
sg_shot,st5_f.pal,stage table,present in Samples/PalFiles,Recovered from the stage subtable palette field at +0x2b.
sg_shot,st5_s.pal,stage table,present in Samples/PalFiles,Recovered from the stage subtable palette field at +0x2b.
sg_shot,st6_b1.pal,stage table,present in Samples/PalFiles,Recovered from the stage subtable palette field at +0x2b.
sg_shot,st6_b4.pal,stage table,present in Samples/PalFiles,Recovered from the stage subtable palette field at +0x2b.
sg_shot,st6_bf.pal,stage table,present in Samples/PalFiles,Recovered from the stage subtable palette field at +0x2b.
sg_shot,st6_bk.pal,stage table,present in Samples/PalFiles,Recovered from the stage subtable palette field at +0x2b.
sg_shot,st6_jck.pal,stage table,present in Samples/PalFiles,Recovered from the stage subtable palette field at +0x2b.
sg_shot,st6_l.pal,stage table,present in Samples/PalFiles,Recovered from the stage subtable palette field at +0x2b.
sg_shot,st6_m.pal,stage table,present in Samples/PalFiles,Recovered from the stage subtable palette field at +0x2b.
sg_shot,st6_p.pal,stage table,present in Samples/PalFiles,Recovered from the stage subtable palette field at +0x2b.
sg_shot,st6_s.pal,stage table,present in Samples/PalFiles,Recovered from the stage subtable palette field at +0x2b.
shot1,st1_1.pal,stage table,present in Samples/PalFiles,Recovered from the stage subtable palette field at +0x2b.
shot1,st1_2.pal,stage table,present in Samples/PalFiles,Recovered from the stage subtable palette field at +0x2b.
shot1,st1_h.pal,stage table,present in Samples/PalFiles,Recovered from the stage subtable palette field at +0x2b.
shot1,st2_lb.pal,stage table,present in Samples/PalFiles,Recovered from the stage subtable palette field at +0x2b.
shot1,st2_ldfr.pal,stage table,present in Samples/PalFiles,Recovered from the stage subtable palette field at +0x2b.
shot1,st2_rdff.pal,stage table,present in Samples/PalFiles,Recovered from the stage subtable palette field at +0x2b.
shot1,st2_rfff.pal,stage table,present in Samples/PalFiles,Recovered from the stage subtable palette field at +0x2b.
shot1,st2_s.pal,stage table,present in Samples/PalFiles,Recovered from the stage subtable palette field at +0x2b.
shot1,st3_bb.pal,stage table,present in Samples/PalFiles,Recovered from the stage subtable palette field at +0x2b.
shot1,st3_f.pal,stage table,present in Samples/PalFiles,Recovered from the stage subtable palette field at +0x2b.
shot1,st3_gd.pal,stage table,present in Samples/PalFiles,Recovered from the stage subtable palette field at +0x2b.
shot1,st3_s.pal,stage table,present in Samples/PalFiles,Recovered from the stage subtable palette field at +0x2b.
shot1,st3_vdb.pal,stage table,present in Samples/PalFiles,Recovered from the stage subtable palette field at +0x2b.
shot1,st4_1.pal,stage table,present in Samples/PalFiles,Recovered from the stage subtable palette field at +0x2b.
shot1,st4_2.pal,stage table,present in Samples/PalFiles,Recovered from the stage subtable palette field at +0x2b.
shot1,st4_s.pal,stage table,present in Samples/PalFiles,Recovered from the stage subtable palette field at +0x2b.
shot1,st5_1.pal,stage table,present in Samples/PalFiles,Recovered from the stage subtable palette field at +0x2b.
shot1,st5_b.pal,stage table,present in Samples/PalFiles,Recovered from the stage subtable palette field at +0x2b.
shot1,st5_bs.pal,stage table,present in Samples/PalFiles,Recovered from the stage subtable palette field at +0x2b.
shot1,st5_f.pal,stage table,present in Samples/PalFiles,Recovered from the stage subtable palette field at +0x2b.
shot1,st5_s.pal,stage table,present in Samples/PalFiles,Recovered from the stage subtable palette field at +0x2b.
shot1,st6_b1.pal,stage table,present in Samples/PalFiles,Recovered from the stage subtable palette field at +0x2b.
shot1,st6_b4.pal,stage table,present in Samples/PalFiles,Recovered from the stage subtable palette field at +0x2b.
shot1,st6_bf.pal,stage table,present in Samples/PalFiles,Recovered from the stage subtable palette field at +0x2b.
shot1,st6_bk.pal,stage table,present in Samples/PalFiles,Recovered from the stage subtable palette field at +0x2b.
shot1,st6_jck.pal,stage table,present in Samples/PalFiles,Recovered from the stage subtable palette field at +0x2b.
shot1,st6_l.pal,stage table,present in Samples/PalFiles,Recovered from the stage subtable palette field at +0x2b.
shot1,st6_m.pal,stage table,present in Samples/PalFiles,Recovered from the stage subtable palette field at +0x2b.
shot1,st6_p.pal,stage table,present in Samples/PalFiles,Recovered from the stage subtable palette field at +0x2b.
shot1,st6_s.pal,stage table,present in Samples/PalFiles,Recovered from the stage subtable palette field at +0x2b.
sk_head,st5_1.pal,stage table,present in Samples/PalFiles,Recovered from the stage subtable palette field at +0x2b.
sk_head,st5_b.pal,stage table,present in Samples/PalFiles,Recovered from the stage subtable palette field at +0x2b.
sk_head,st5_f.pal,stage table,present in Samples/PalFiles,Recovered from the stage subtable palette field at +0x2b.
sk_head,st5_s.pal,stage table,present in Samples/PalFiles,Recovered from the stage subtable palette field at +0x2b.
smoke,st1_1.pal,stage table,present in Samples/PalFiles,Recovered from the stage subtable palette field at +0x2b.
smoke,st1_2.pal,stage table,present in Samples/PalFiles,Recovered from the stage subtable palette field at +0x2b.
smoke,st1_h.pal,stage table,present in Samples/PalFiles,Recovered from the stage subtable palette field at +0x2b.
sou,sclear.pal,shared literal palette load,present in Samples/PalFiles,"The sclear sequence loads sclear.pal once, then loads sclear.cad followed by sou.cad under that same palette setup."
st1_ani,st1_1.pal,stage table,present in Samples/PalFiles,Recovered from the stage subtable palette field at +0x2b.
st1_ani,st1_2.pal,stage table,present in Samples/PalFiles,Recovered from the stage subtable palette field at +0x2b.
st1_ani,st1_h.pal,stage table,present in Samples/PalFiles,Recovered from the stage subtable palette field at +0x2b.
st1_le,st1_h.pal,startup basename table,present in Samples/PalFiles,"The static basename table at 0x00010010 contains st1_le, and the startup loader at 0x00010066..0x00010074 pairs major 0 with the sub-0 palette string at stage + 0x2b, which is st1_h.pal."
st2stone,st2_ldfr.pal,stage table,present in Samples/PalFiles,Recovered from the stage subtable palette field at +0x2b.
st2stone,st2_rdff.pal,stage table,present in Samples/PalFiles,Recovered from the stage subtable palette field at +0x2b.
st2stone,st2_rfff.pal,stage table,present in Samples/PalFiles,Recovered from the stage subtable palette field at +0x2b.
st2stone,st2_s.pal,stage table,present in Samples/PalFiles,Recovered from the stage subtable palette field at +0x2b.
st2_1ani,st2_lb.pal,stage table,present in Samples/PalFiles,Recovered from the stage subtable palette field at +0x2b.
st2_1ani,st2_ldfr.pal,stage table,present in Samples/PalFiles,Recovered from the stage subtable palette field at +0x2b.
st2_1ani,st2_rdff.pal,stage table,present in Samples/PalFiles,Recovered from the stage subtable palette field at +0x2b.
st2_1ani,st2_rfff.pal,stage table,present in Samples/PalFiles,Recovered from the stage subtable palette field at +0x2b.
st2_1ani,st2_s.pal,stage table,present in Samples/PalFiles,Recovered from the stage subtable palette field at +0x2b.
st2_le,st2_s.pal,startup basename table,present in Samples/PalFiles,"The static basename table at 0x00010018 contains st2_le, and the startup loader at 0x00010066..0x00010074 pairs major 1 with the sub-0 palette string at stage + 0x2b, which is st2_s.pal."
st3_1ani,st3_bb.pal,stage table,present in Samples/PalFiles,Recovered from the stage subtable palette field at +0x2b.
st3_1ani,st3_f.pal,stage table,present in Samples/PalFiles,Recovered from the stage subtable palette field at +0x2b.
st3_1ani,st3_gd.pal,stage table,present in Samples/PalFiles,Recovered from the stage subtable palette field at +0x2b.
st3_1ani,st3_s.pal,stage table,present in Samples/PalFiles,Recovered from the stage subtable palette field at +0x2b.
st3_1ani,st3_vdb.pal,stage table,present in Samples/PalFiles,Recovered from the stage subtable palette field at +0x2b.
st3_2ani,st3_boss.pal,stage table,present in Samples/PalFiles,Recovered from the stage subtable palette field at +0x2b.
st3_2ani,st3_k.pal,stage table,present in Samples/PalFiles,Recovered from the stage subtable palette field at +0x2b.
st3_2ani,st3_z.pal,stage table,present in Samples/PalFiles,Recovered from the stage subtable palette field at +0x2b.
st3_ani,,unknown,unresolved,
st3_le,st3_s.pal,startup basename table,present in Samples/PalFiles,"The static basename table at 0x00010020 contains st3_le, and the startup loader at 0x00010066..0x00010074 pairs major 2 with the sub-0 palette string at stage + 0x2b, which is st3_s.pal."
st4_ani,st4_1.pal,stage table,present in Samples/PalFiles,Recovered from the stage subtable palette field at +0x2b.
st4_ani,st4_2.pal,stage table,present in Samples/PalFiles,Recovered from the stage subtable palette field at +0x2b.
st4_ani,st4_s.pal,stage table,present in Samples/PalFiles,Recovered from the stage subtable palette field at +0x2b.
st4_flk,st4_1.pal,stage table,present in Samples/PalFiles,Recovered from the stage subtable palette field at +0x2b.
st4_flk,st4_2.pal,stage table,present in Samples/PalFiles,Recovered from the stage subtable palette field at +0x2b.
st4_le,st4_s.pal,startup basename table,present in Samples/PalFiles,"The static basename table at 0x00010028 contains st4_le, and the startup loader at 0x00010066..0x00010074 pairs major 3 with the sub-0 palette string at stage + 0x2b, which is st4_s.pal."
st5_ani,st5_1.pal,stage table,present in Samples/PalFiles,Recovered from the stage subtable palette field at +0x2b.
st5_ani,st5_b.pal,stage table,present in Samples/PalFiles,Recovered from the stage subtable palette field at +0x2b.
st5_ani,st5_bs.pal,stage table,present in Samples/PalFiles,Recovered from the stage subtable palette field at +0x2b.
st5_ani,st5_f.pal,stage table,present in Samples/PalFiles,Recovered from the stage subtable palette field at +0x2b.
st5_ani,st5_s.pal,stage table,present in Samples/PalFiles,Recovered from the stage subtable palette field at +0x2b.
st5_le,st5_s.pal,startup basename table,present in Samples/PalFiles,"The static basename table at 0x00010030 contains st5_le, and the startup loader at 0x00010066..0x00010074 pairs major 4 with the sub-0 palette string at stage + 0x2b, which is st5_s.pal."
st6_ani,st6_b1.pal,stage table,present in Samples/PalFiles,Recovered from the stage subtable palette field at +0x2b.
st6_ani,st6_b4.pal,stage table,present in Samples/PalFiles,Recovered from the stage subtable palette field at +0x2b.
st6_ani,st6_bf.pal,stage table,present in Samples/PalFiles,Recovered from the stage subtable palette field at +0x2b.
st6_ani,st6_bk.pal,stage table,present in Samples/PalFiles,Recovered from the stage subtable palette field at +0x2b.
st6_ani,st6_jck.pal,stage table,present in Samples/PalFiles,Recovered from the stage subtable palette field at +0x2b.
st6_ani,st6_l.pal,stage table,present in Samples/PalFiles,Recovered from the stage subtable palette field at +0x2b.
st6_ani,st6_m.pal,stage table,present in Samples/PalFiles,Recovered from the stage subtable palette field at +0x2b.
st6_ani,st6_p.pal,stage table,present in Samples/PalFiles,Recovered from the stage subtable palette field at +0x2b.
st6_ani,st6_s.pal,stage table,present in Samples/PalFiles,Recovered from the stage subtable palette field at +0x2b.
st6_le,st6_s.pal,startup basename table,present in Samples/PalFiles,"The static basename table at 0x00010038 contains st6_le, and the startup loader at 0x00010066..0x00010074 pairs major 5 with the sub-0 palette string at stage + 0x2b, which is st6_s.pal."
stone,st3_boss.pal,stage table,present in Samples/PalFiles,Recovered from the stage subtable palette field at +0x2b.
stone,st3_k.pal,stage table,present in Samples/PalFiles,Recovered from the stage subtable palette field at +0x2b.
stone,st3_z.pal,stage table,present in Samples/PalFiles,Recovered from the stage subtable palette field at +0x2b.
s_gear,st1_1.pal,stage table,present in Samples/PalFiles,Recovered from the stage subtable palette field at +0x2b.
s_gear,st1_2.pal,stage table,present in Samples/PalFiles,Recovered from the stage subtable palette field at +0x2b.
s_gear,st1_h.pal,stage table,present in Samples/PalFiles,Recovered from the stage subtable palette field at +0x2b.
s_gear,st2_lb.pal,stage table,present in Samples/PalFiles,Recovered from the stage subtable palette field at +0x2b.
s_gear,st2_ldfr.pal,stage table,present in Samples/PalFiles,Recovered from the stage subtable palette field at +0x2b.
s_gear,st2_rdff.pal,stage table,present in Samples/PalFiles,Recovered from the stage subtable palette field at +0x2b.
s_gear,st2_rfff.pal,stage table,present in Samples/PalFiles,Recovered from the stage subtable palette field at +0x2b.
s_gear,st2_s.pal,stage table,present in Samples/PalFiles,Recovered from the stage subtable palette field at +0x2b.
s_gear,st3_bb.pal,stage table,present in Samples/PalFiles,Recovered from the stage subtable palette field at +0x2b.
s_gear,st3_boss.pal,stage table,present in Samples/PalFiles,Recovered from the stage subtable palette field at +0x2b.
s_gear,st3_f.pal,stage table,present in Samples/PalFiles,Recovered from the stage subtable palette field at +0x2b.
s_gear,st3_gd.pal,stage table,present in Samples/PalFiles,Recovered from the stage subtable palette field at +0x2b.
s_gear,st3_k.pal,stage table,present in Samples/PalFiles,Recovered from the stage subtable palette field at +0x2b.
s_gear,st3_s.pal,stage table,present in Samples/PalFiles,Recovered from the stage subtable palette field at +0x2b.
s_gear,st3_vdb.pal,stage table,present in Samples/PalFiles,Recovered from the stage subtable palette field at +0x2b.
s_gear,st3_z.pal,stage table,present in Samples/PalFiles,Recovered from the stage subtable palette field at +0x2b.
s_gear,st4_1.pal,stage table,present in Samples/PalFiles,Recovered from the stage subtable palette field at +0x2b.
s_gear,st4_2.pal,stage table,present in Samples/PalFiles,Recovered from the stage subtable palette field at +0x2b.
s_gear,st4_s.pal,stage table,present in Samples/PalFiles,Recovered from the stage subtable palette field at +0x2b.
s_gear,st5_1.pal,stage table,present in Samples/PalFiles,Recovered from the stage subtable palette field at +0x2b.
s_gear,st5_b.pal,stage table,present in Samples/PalFiles,Recovered from the stage subtable palette field at +0x2b.
s_gear,st5_bs.pal,stage table,present in Samples/PalFiles,Recovered from the stage subtable palette field at +0x2b.
s_gear,st5_f.pal,stage table,present in Samples/PalFiles,Recovered from the stage subtable palette field at +0x2b.
s_gear,st5_s.pal,stage table,present in Samples/PalFiles,Recovered from the stage subtable palette field at +0x2b.
s_gear,st6_b1.pal,stage table,present in Samples/PalFiles,Recovered from the stage subtable palette field at +0x2b.
s_gear,st6_b4.pal,stage table,present in Samples/PalFiles,Recovered from the stage subtable palette field at +0x2b.
s_gear,st6_bf.pal,stage table,present in Samples/PalFiles,Recovered from the stage subtable palette field at +0x2b.
s_gear,st6_bk.pal,stage table,present in Samples/PalFiles,Recovered from the stage subtable palette field at +0x2b.
s_gear,st6_jck.pal,stage table,present in Samples/PalFiles,Recovered from the stage subtable palette field at +0x2b.
s_gear,st6_l.pal,stage table,present in Samples/PalFiles,Recovered from the stage subtable palette field at +0x2b.
s_gear,st6_m.pal,stage table,present in Samples/PalFiles,Recovered from the stage subtable palette field at +0x2b.
s_gear,st6_p.pal,stage table,present in Samples/PalFiles,Recovered from the stage subtable palette field at +0x2b.
s_gear,st6_s.pal,stage table,present in Samples/PalFiles,Recovered from the stage subtable palette field at +0x2b.
title,title.pal,literal palette load,present in Samples/PalFiles,"Raw code at 0x00032c22 opens title.pal from zyclunt.jam, reads 0x300 bytes, then loads title.cad."
train,st4_s.pal,stage table,present in Samples/PalFiles,Recovered from the stage subtable palette field at +0x2b.
vajar,st3_bb.pal,stage table,present in Samples/PalFiles,Recovered from the stage subtable palette field at +0x2b.
vajar,st3_f.pal,stage table,present in Samples/PalFiles,Recovered from the stage subtable palette field at +0x2b.
vajar,st3_gd.pal,stage table,present in Samples/PalFiles,Recovered from the stage subtable palette field at +0x2b.
vajar,st3_s.pal,stage table,present in Samples/PalFiles,Recovered from the stage subtable palette field at +0x2b.
vajar,st3_vdb.pal,stage table,present in Samples/PalFiles,Recovered from the stage subtable palette field at +0x2b.
vjr_bomb,st2_ldfr.pal,stage table,present in Samples/PalFiles,Recovered from the stage subtable palette field at +0x2b.
vjr_bomb,st2_rdff.pal,stage table,present in Samples/PalFiles,Recovered from the stage subtable palette field at +0x2b.
vjr_bomb,st2_rfff.pal,stage table,present in Samples/PalFiles,Recovered from the stage subtable palette field at +0x2b.
vjr_bomb,st2_s.pal,stage table,present in Samples/PalFiles,Recovered from the stage subtable palette field at +0x2b.
vjr_bomb,st3_bb.pal,stage table,present in Samples/PalFiles,Recovered from the stage subtable palette field at +0x2b.
vjr_bomb,st3_f.pal,stage table,present in Samples/PalFiles,Recovered from the stage subtable palette field at +0x2b.
vjr_bomb,st3_gd.pal,stage table,present in Samples/PalFiles,Recovered from the stage subtable palette field at +0x2b.
vjr_bomb,st3_s.pal,stage table,present in Samples/PalFiles,Recovered from the stage subtable palette field at +0x2b.
vjr_bomb,st3_vdb.pal,stage table,present in Samples/PalFiles,Recovered from the stage subtable palette field at +0x2b.
ynf,st5_1.pal,stage table,present in Samples/PalFiles,Recovered from the stage subtable palette field at +0x2b.
ynf,st5_b.pal,stage table,present in Samples/PalFiles,Recovered from the stage subtable palette field at +0x2b.
ynf,st5_f.pal,stage table,present in Samples/PalFiles,Recovered from the stage subtable palette field at +0x2b.
ynf,st5_s.pal,stage table,present in Samples/PalFiles,Recovered from the stage subtable palette field at +0x2b.
yoni,,unknown,unresolved,
yoni',st5_1.pal,stage table,present in Samples/PalFiles,Recovered from the stage subtable palette field at +0x2b.
yoni',st5_b.pal,stage table,present in Samples/PalFiles,Recovered from the stage subtable palette field at +0x2b.
yoni',st5_f.pal,stage table,present in Samples/PalFiles,Recovered from the stage subtable palette field at +0x2b.
yoni',st5_s.pal,stage table,present in Samples/PalFiles,Recovered from the stage subtable palette field at +0x2b.
zeeun,st3_boss.pal,stage table,present in Samples/PalFiles,Recovered from the stage subtable palette field at +0x2b.
zeeun,st3_k.pal,stage table,present in Samples/PalFiles,Recovered from the stage subtable palette field at +0x2b.
zeeun,st3_z.pal,stage table,present in Samples/PalFiles,Recovered from the stage subtable palette field at +0x2b.
zeeun,st4_s.pal,stage table,present in Samples/PalFiles,Recovered from the stage subtable palette field at +0x2b.
zeeun,st5_1.pal,stage table,present in Samples/PalFiles,Recovered from the stage subtable palette field at +0x2b.
zeeun,st5_b.pal,stage table,present in Samples/PalFiles,Recovered from the stage subtable palette field at +0x2b.
zeeun,st5_f.pal,stage table,present in Samples/PalFiles,Recovered from the stage subtable palette field at +0x2b.
zeeun,st5_s.pal,stage table,present in Samples/PalFiles,Recovered from the stage subtable palette field at +0x2b.
